label,value,standard_error,expression,maximum,minimum,non_negative,vary
input.Bulk,78.0,None,None,,,False,False
input.Red1,6.0,None,None,,,False,False
input.Red2,2.0,None,None,,,False,False
input.RC,6.0,None,None,,,False,False
input.1,1.0,None,None,,,False,False
input.Chlf1,6.0,None,None,,,False,False
input.Chlf2,2.0,None,None,,,False,False
inputFRL670.Ant1,860.392822,None,None,,,False,False
inputFRL670.Bulk,339.7082114,0.008257178,None,,,False,False
inputFRL670.Red1,0.0,None,None,,,False,False
inputFRL670.Red2,0.0,None,None,,,False,False
inputFRL670.FRLRC,0.0,None,None,,,False,False
inputFRL670.0,0.0,None,None,,,False,False
inputFRL670.Chlf1,176.2317835,0.011046155,None,,,False,False
inputFRL670.Chlf2,129.1421755,0.008866099,None,,,False,False
inputFRL700.Ant1,1.32e-87,2.376925631,None,,,False,False
inputFRL700.Bulk,4.13842201,None,$inputWL700.Bulk,,,False,False
inputFRL700.Red1,0.004141101,0.01076606,$inputWL700.Red1,,,False,False
inputFRL700.Red2,2.6899999999999997e-40,0.604989057,$inputWL700.Red2,,,False,False
inputFRL700.FRLRC,0.688258594,0.008907188,None,,,False,False
inputFRL700.0,0.0,None,None,,,False,False
inputFRL700.Chlf1,0.063190774,0.142717998,None,,,False,False
inputFRL700.Chlf2,0.0,None,None,,,False,False
inputFRL740.Ant1,0.0,None,None,,,False,False
inputFRL740.Bulk,0.0,None,None,,,False,False
inputFRL740.Red1,0.0,None,None,,,False,False
inputFRL740.Red2,0.0,None,None,,,False,False
inputFRL740.FRLRC,74.97503716,0.031507468,None,,,False,False
inputFRL740.0,0.0,None,None,,,False,False
inputFRL740.Chlf1,1042.05688,None,None,,,False,False
inputFRL740.Chlf2,408.4678621,0.008766982,None,,,False,False
inputWL700.Ant1,0.0,90353.21941,None,,,False,False
inputWL700.Bulk,4.13842201,None,None,,,False,False
inputWL700.Red1,0.004141101,0.042597933,None,,,False,False
inputWL700.Red2,2.6899999999999997e-40,10.13607874,None,,,False,False
inputWL700.WLRC,11.77944806,0.010038813,None,,,False,False
inputWL700.0,0.0,None,None,,,False,False
inputWL720.Ant1,0.0,None,None,,,False,False
inputWL720.Bulk,0.0,None,None,,,False,False
inputWL720.Red1,1.04200912,None,None,,,False,False
inputWL720.Red2,2.464101775,0.010539566,None,,,False,False
inputWL720.WLRC,2.613678207,0.015622278,None,,,False,False
input.0,0.0,None,None,,,False,False
rates.kF,0.000273,None,None,,,False,False
rates.kFa2,0.009713957,0.044388054,None,,,False,False
rates.kFf,0.0002,None,None,,,False,False
rates.WLRP1,0.0585,None,None,,,False,False
rates.FRLRP1,0.06,0.000453766,None,,,False,False
rates.gRed1C,-0.7113982056073089,0.0033956386816508593,None,,,False,True
rates.gRed2C,-0.08275841664134526,0.002342484775126765,None,,,False,True
rates.ToBulkFromRed1,0.332168822,0.004755115,None,,,False,False
rates.ToRed1FromBulk,0.16308069408884387,None,$rates.ToBulkFromRed1*exp($rates.gRed1C),,,False,False
rates.ToBulkFromRed2,0.052336103,0.002835745,None,,,False,False
rates.ToRed2FromBulk,0.048179230331544094,None,$rates.ToBulkFromRed2*exp($rates.gRed2C),,,False,False
rates.gChlf1C,2.0511496630683776,0.002439709492901006,None,,,False,True
rates.gChlf2C,2.6045355795694753,0.0030982326430427356,None,,,False,True
rates.ToBulkFromChlf1,0.011310507,0.005363486,None,,,False,False
rates.ToChlf1FromBulk,0.08795996605547966,None,$rates.ToBulkFromChlf1*exp($rates.gChlf1C),,,False,False
rates.ToBulkFromChlf2,0.001641696,0.011430072,None,,,False,False
rates.ToChlf2FromBulk,0.02220384414086077,None,$rates.ToBulkFromChlf2*exp($rates.gChlf2C),,,False,False
rates.gWLRCC,-1.5,0.002064131,None,,,False,False
rates.ToBulkFromWLRC,0.5447424980498383,0.0010117034499868877,None,,,False,True
rates.ToWLRCFromBulk,0.12154848082951614,None,$rates.ToBulkFromWLRC*exp($rates.gWLRCC),,,False,False
rates.gFRLRCC,1.75,0.003752552,None,,,False,False
rates.ToBulkFromFRLRC,0.02000876,0.002644237,None,,,False,False
rates.ToFRLRCFromBulk,0.11514246383955642,None,$rates.ToBulkFromFRLRC*exp($rates.gFRLRCC),,,False,False
rates.gWLRP1C_gWLRCC,5.12,None,$yrates.gWLRP1C-$rates.gWLRCC,,,False,False
rates.ToWLRCFromWLRP1,0.005378420605505348,None,$rates.ToWLRP1FromWLRC*exp(-$rates.gWLRP1C_gWLRCC),,,False,False
rates.ToWLRP1FromWLRC,0.9,None,None,,,False,False
rates.gFRLRP1C_gFRLRCC,2.0,None,$yrates.gFRLRP1C-$rates.gFRLRCC,,,False,False
rates.ToFRLRCFromFRLRP1,0.04060058497098381,None,$rates.ToFRLRP1FromFRLRC*exp(-$rates.gFRLRP1C_gFRLRCC),,,False,False
rates.ToFRLRP1FromFRLRC,0.3,0.000852734,None,,,False,False
rates.gChlf2C_gFRLRCC,0.8545355795694753,None,$rates.gChlf2C-$rates.gFRLRCC,,,False,False
rates.ToFRLRCFromChlf2,0.008482573519903785,9.648213704955956e-06,None,,,False,True
rates.ToChlf2FromFRLRC,0.01993644501332634,None,$rates.ToFRLRCFromChlf2*exp($rates.gChlf2C_gFRLRCC),,,False,False
rates.gChlf1C_gFRLRCC,0.30114966306837765,None,$rates.gChlf1C-$rates.gFRLRCC,,,False,False
rates.ToFRLRCFromChlf1,0.006469095009092805,7.620004689574359e-06,None,,,False,True
rates.ToChlf1FromFRLRC,0.008742409925571744,None,$rates.ToFRLRCFromChlf1*exp($rates.gChlf1C_gFRLRCC),,,False,False
rates.gChlf2C_gChlf1C,0.5533859165010977,None,$rates.gChlf2C-$rates.gChlf1C,,,False,False
rates.ToChlf1FromChlf2,0.004374351316858841,4.928612123014804e-05,None,,,False,True
rates.ToChlf2FromChlf1,0.0076075726679194705,None,$rates.ToChlf1FromChlf2*exp($rates.gChlf2C_gChlf1C),,,False,False
rates.QkBulk,0.083,0.014032895,None,,,False,False
rates.QkFRLRC,0.083,0.062138694,None,,,False,False
rates.ToWLRP1FromWLRCold,0.9,None,None,,,False,False
rates.ToWLRP2FromWLRP1,0.05,None,None,,,False,False
rates.ToWLRP2FromWLRP2,1e-12,None,None,,,False,False
rates.ToFRLRP1FromFRLRCold,0.06,0.010937784,$rates.FRLRP1,,,False,False
rates.ToFRLRP2FromFRLRP1,0.06,0.010171191,$rates.FRLRP1,,,False,False
rates.ToFRLRP3FromFRLRP2,6.55e+22,0.423880512,None,,,False,False
rates.ToFRLRP2FromFRLRP2,1e-12,None,None,,,False,False
rates.ToBulkFromAnt1,0.6285056435036345,0.003314637,$rates.ToAnt1FromBulk*exp($rates.gAnt1),,,False,False
rates.ToAnt1FromBulk,0.01151148240594407,3.176851500544104e-05,None,,,False,True
area.1,1.0,None,None,,,False,False
area.Bulk,1.35,None,None,,,False,False
rel.r1,1.0,None,None,,,False,False
scale.FRLtr1,2.264714459,0.001670177,None,,,False,False
scale.FRLtr2,2.469120991488917,0.0025973934917691405,None,,,False,True
scale.FRLtr4,10.676018520679765,0.007052758677286006,None,,,False,True
scale.WLtr1,2.3696991400299163,0.0036466354267061483,None,,,False,True
scale.WLtr2,10.069249681297984,0.009997329620849928,None,,,False,True
scale.BulkSAS,2.860826042426612,0.007155845872809583,None,,,False,True
scale.Red1SAS,3.0107040046355604,0.019642064779611893,None,,,False,True
scale.Red2SAS,3.2320225625613435,0.02147774066179235,None,,,False,True
scale.WLRCSAS,2.661639191770162,0.015156861706975574,None,,,False,True
scale.Chlf1SAS,3.3499713748379283,0.021945354486039813,None,,,False,True
scale.Chlf2SAS,3.281099962078602,0.02342135500495347,None,,,False,True
scale.FRLRCSAS,2.961905746660714,0.003332643088984412,None,,,False,True
scale.freeChlfSAS,6.0,None,None,,,False,False
scale.FRL670,1.0,None,None,,,False,False
scale.FRL700,1.5571848968162059,0.001189294103473443,None,,,False,True
scale.FRL740,0.8925664719477227,0.000998889385365539,None,,,False,True
scale.WL700,1.4530358590040517,0.0018707903322985242,None,,,False,True
scale.WL720,0.8977753947239693,0.0025162334595942074,None,,,False,True
scale.Red1SADS,1.3828419101681226,0.006380356120316687,None,,,False,True
scale.Red2SADS,2.3569838243919103,0.013516192225765462,None,,,False,True
scale.WLRCSADS,1.3,0.005607433,None,,,False,False
scale.WLRP1SADS,4.136143353786727,0.06089041978007264,None,,,False,True
scale.Chlf1SADS,3.3441285091039625,0.008097703827746256,None,,,False,True
scale.Chlf2SADS,2.76110565066929,0.010044065106086427,None,,,False,True
scale.FRLRCSADS,2.7068857988035933,0.009918545515105636,None,,,False,True
scale.FRLRP1SADS,3.127713604810866,0.023664342745468903,None,,,False,True
scalem.1,1.0,None,None,,,False,False
scalem.WLtr1a,0.030568260073965053,0.0005920193162962215,None,,,False,True
scalem.WLtr1a2,0.060040291002157034,0.001433599992726189,None,,,False,True
scalem.WLtr2a,0.04,None,None,,,False,False
scalem.WLtr2a2,0.016135598582174063,0.0003872440405924073,None,,,False,True
scalem.FRLtr1a,0.004779856253510917,0.00018667130800142204,None,,,False,True
scalem.FRLtr1f,2.0299999999999999e-112,324270.3625,None,,,False,False
scalem.FRLtr2a,0.02011883779810265,0.00017787539364924387,None,,,False,True
scalem.FRLtr2f,0.014487659,0.06138384,None,,,False,False
scalem.FRLtr4a,0.015567436793883147,4.5253628008596185e-05,None,,,False,True
scalem.FRLtr4f,0.021023674,0.017832803,None,,,False,False
scalem.FRL670Q,2.2,None,None,,,False,False
scalem.WL720Q,1.8,None,None,,,False,False
scalem.WL700Q,3.3,None,None,,,False,False
irf.common_backsweep,13140.6,None,None,,,False,False
irf.center1,-0.03,None,None,,,False,False
irf.width1,0.01,None,None,,,False,False
irfWLtr1.center,56.5529518,None,None,,,False,False
irfWLtr1.width1,2.27663589,None,None,,,False,False
irfWLtr1.width2,2.17008972,None,None,,,False,False
irfWLtr1.scale1,1.0,None,None,,,False,False
irfWLtr1.scale2,0.389486313,None,None,,,False,False
irfWLtr2.center,56.0493965,None,None,,,False,False
irfWLtr2.width1,2.7866466,None,None,,,False,False
irfWLtr2.width2,6.97399044,None,None,,,False,False
irfWLtr2.scale1,1.0,None,None,,,False,False
irfWLtr2.scale2,0.184656933,None,None,,,False,False
irfFRLtr1.center,56.7851372,None,None,,,False,False
irfFRLtr1.width1,1.6984452,None,None,,,False,False
irfFRLtr1.width2,4.13698006,None,None,,,False,False
irfFRLtr1.scale1,1.0,None,None,,,False,False
irfFRLtr1.scale2,0.794446111,None,None,,,False,False
irfFRLtr2.center,55.8798828,None,None,,,False,False
irfFRLtr2.width1,2.63838458,None,None,,,False,False
irfFRLtr2.width2,2.80202222,None,None,,,False,False
irfFRLtr2.scale1,1.0,None,None,,,False,False
irfFRLtr2.scale2,0.459647924,None,None,,,False,False
irfFRLtr4.center,212.440552,None,None,,,False,False
irfFRLtr4.width1,7.53109264,None,None,,,False,False
irfFRLtr4.width2,21.6174984,None,None,,,False,False
irfFRLtr4.scale1,1.0,None,None,,,False,False
irfFRLtr4.scale2,0.250298738,None,None,,,False,False
CT7203rates.kF,0.000273,None,None,,,False,False
CT7203rates.kFa2,0.00524,0.044388054,None,,,False,False
CT7203rates.kFf,0.0002,None,None,,,False,False
CT7203rates.WLRP1,0.0585,None,$rates.WLRP1,,,False,False
CT7203rates.FRLRP1,0.06,None,$rates.FRLRP1,,,False,False
CT7203rates.gRed1C,-0.4027595535422221,0.0043677375451640615,None,,,False,True
CT7203rates.gRed2C,-0.30902377068184944,0.00413912618093705,None,,,False,True
CT7203rates.ToBulkFromRed1,0.332168822,0.004200691,$rates.ToBulkFromRed1,,,False,False
CT7203rates.ToRed1FromBulk,0.22204582647487459,None,$CT7203rates.ToBulkFromRed1*exp($CT7203rates.gRed1C),,,False,False
CT7203rates.ToBulkFromRed2,0.052336103,0.004673263,$rates.ToBulkFromRed2,,,False,False
CT7203rates.ToRed2FromBulk,0.03842324704307723,None,$CT7203rates.ToBulkFromRed2*exp($CT7203rates.gRed2C),,,False,False
CT7203rates.gChlf1C,2.43595169,0.006062651,None,,,False,False
CT7203rates.gChlf2C,3.280318521,0.004569012,None,,,False,False
CT7203rates.ToBulkFromChlf1,0.011310507,0.005548847,$rates.ToBulkFromChlf1,,,False,False
CT7203rates.ToChlf1FromBulk,0.1292416369323116,None,$CT7203rates.ToBulkFromChlf1*exp($CT7203rates.gChlf1C),,,False,False
CT7203rates.ToBulkFromChlf2,0.001641696,0.011342815,$rates.ToBulkFromChlf2,,,False,False
CT7203rates.ToChlf2FromBulk,0.043643238812671084,None,$CT7203rates.ToBulkFromChlf2*exp($CT7203rates.gChlf2C),,,False,False
CT7203rates.gWLRCC,-1.5,0.002374177,$rates.gWLRCC,,,False,False
CT7203rates.ToBulkFromWLRC,0.5447424980498383,None,$rates.ToBulkFromWLRC,,,False,False
CT7203rates.ToWLRCFromBulk,0.12154848082951614,None,$CT7203rates.ToBulkFromWLRC*exp($CT7203rates.gWLRCC),,,False,False
CT7203rates.gFRLRCC,1.75,0.016094391,$rates.gFRLRCC,,,False,False
CT7203rates.ToBulkFromFRLRC,0.02000876,0.022585526,$rates.ToBulkFromFRLRC,,,False,False
CT7203rates.ToFRLRCFromBulk,0.11514246383955642,None,$CT7203rates.ToBulkFromFRLRC*exp($CT7203rates.gFRLRCC),,,False,False
CT7203rates.gWLRP1C_gWLRCC,5.12,None,$rates.gWLRP1C_gWLRCC,,,False,False
CT7203rates.ToWLRCFromWLRP1,0.005378420605505348,None,$rates.ToWLRCFromWLRP1,,,False,False
CT7203rates.ToWLRP1FromWLRC,0.9,None,$rates.ToWLRP1FromWLRC,,,False,False
CT7203rates.gFRLRP1C_gFRLRCC,2.0,None,$rates.gFRLRP1C_gFRLRCC,,,False,False
CT7203rates.ToFRLRCFromFRLRP1,0.04060058497098381,None,$rates.ToFRLRCFromFRLRP1,,,False,False
CT7203rates.ToFRLRP1FromFRLRC,0.3,None,$rates.ToFRLRP1FromFRLRC,,,False,False
CT7203rates.gChlf2C_gFRLRCC,1.5303185209999999,None,$CT7203rates.gChlf2C-$CT7203rates.gFRLRCC,,,False,False
CT7203rates.ToFRLRCFromChlf2,0.008482573519903785,0.00703061,$rates.ToFRLRCFromChlf2,,,False,False
CT7203rates.ToChlf2FromFRLRC,0.039186504159930406,None,$CT7203rates.ToFRLRCFromChlf2*exp($CT7203rates.gChlf2C_gFRLRCC),,,False,False
CT7203rates.gChlf1C_gFRLRCC,0.68595169,None,$CT7203rates.gChlf1C-$CT7203rates.gFRLRCC,,,False,False
CT7203rates.ToFRLRCFromChlf1,0.006469095009092805,0.011439694,$rates.ToFRLRCFromChlf1,,,False,False
CT7203rates.ToChlf1FromFRLRC,0.0128454275300825,None,$CT7203rates.ToFRLRCFromChlf1*exp($CT7203rates.gChlf1C_gFRLRCC),,,False,False
CT7203rates.gChlf2C_gChlf1C,0.8443668309999999,None,$CT7203rates.gChlf2C-$CT7203rates.gChlf1C,,,False,False
CT7203rates.ToChlf1FromChlf2,0.001555558,0.045778389,None,,,False,False
CT7203rates.ToChlf2FromChlf1,0.0036190123412625868,None,$CT7203rates.ToChlf1FromChlf2*exp($CT7203rates.gChlf2C_gChlf1C),,,False,False
CT7203scale.FRLtr1,3.8408873,0.005376001,None,,,False,False
CT7203scale.FRLtr2,10.13576843517985,0.007549802423613895,None,,,False,True
CT7203scale.FRLtr4,37.557396848796515,0.025282851752198833,None,,,False,True
CT7203scale.WLtr1,4.432403012667442,0.007995209147513376,None,,,False,True
CT7203scale.WLtr2,11.860406724615702,0.014256752462629767,None,,,False,True
CT7203scalem.1,1.0,None,None,,,False,False
CT7203scalem.WLtr1a,0.05850588066151142,0.0012960210133715687,None,,,False,True
CT7203scalem.WLtr1a2,0.05396738444346348,0.0025569157360798046,None,,,False,True
CT7203scalem.WLtr2a,0.07,None,None,,,False,False
CT7203scalem.WLtr2a2,0.04253085811787165,0.0008037023580289442,None,,,False,True
CT7203scalem.FRLtr1a,2.66e-35,5.972622204,None,,,False,False
CT7203scalem.FRLtr1f,0.004802345392329704,0.0009252264540846895,None,,,False,True
CT7203scalem.FRLtr2a,0.0024964164083026053,9.973665420097675e-05,None,,,False,True
CT7203scalem.FRLtr2f,3.4e-176,206410.5089,None,,,False,False
CT7203scalem.FRLtr4a,0.005817782035163262,3.032903050884033e-05,None,,,False,True
CT7203scalem.FRLtr4f,0.004359329841293356,8.291735561954677e-05,None,,,False,True
CT7203irfWLtr1.center,56.393177,None,None,,,False,False
CT7203irfWLtr1.width1,1.81788588,None,None,,,False,False
CT7203irfWLtr1.width2,3.61882663,None,None,,,False,False
CT7203irfWLtr1.scale1,1.0,None,None,,,False,False
CT7203irfWLtr1.scale2,0.313295126,None,None,,,False,False
CT7203irfWLtr2.center,56.6114464,None,None,,,False,False
CT7203irfWLtr2.width1,2.86150789,None,None,,,False,False
CT7203irfWLtr2.width2,7.59190321,None,None,,,False,False
CT7203irfWLtr2.scale1,1.0,None,None,,,False,False
CT7203irfWLtr2.scale2,0.239356384,None,None,,,False,False
CT7203irfFRLtr1.center,55.8994598,None,None,,,False,False
CT7203irfFRLtr1.width1,2.29760122,None,None,,,False,False
CT7203irfFRLtr1.width2,4.13698006,None,None,,,False,False
CT7203irfFRLtr1.scale1,1.0,None,None,,,False,False
CT7203irfFRLtr1.scale2,0.0476,None,None,,,False,False
CT7203irfFRLtr2.center,56.6581841,None,None,,,False,False
CT7203irfFRLtr2.width1,2.82486439,None,None,,,False,False
CT7203irfFRLtr2.width2,6.79575062,None,None,,,False,False
CT7203irfFRLtr2.scale1,1.0,None,None,,,False,False
CT7203irfFRLtr2.scale2,0.232422978,None,None,,,False,False
CT7203irfFRLtr4.center,218.448105,None,None,,,False,False
CT7203irfFRLtr4.width1,6.76730967,None,None,,,False,False
CT7203irfFRLtr4.width2,17.2008362,None,None,,,False,False
CT7203irfFRLtr4.scale1,1.0,None,None,,,False,False
CT7203irfFRLtr4.scale2,0.523424447,None,None,,,False,False
CF9212rates.kF,0.000273,None,None,,,False,False
CF9212rates.kFf,0.0002,None,None,,,False,False
CF9212rates.WLRP1,0.0585,None,$rates.WLRP1,,,False,False
CF9212rates.FRLRP1,0.06,None,$rates.FRLRP1,,,False,False
CF9212rates.gRed1C,-1.1748347629353668,0.007506598899320964,None,,,False,True
CF9212rates.gRed2C,-0.05536775245816528,0.0023781217425889426,None,,,False,True
CF9212rates.ToBulkFromRed1,0.332168822,0.004200691,$rates.ToBulkFromRed1,,,False,False
CF9212rates.ToRed1FromBulk,0.10259698811882804,None,$CF9212rates.ToBulkFromRed1*exp($CF9212rates.gRed1C),,,False,False
CF9212rates.ToBulkFromRed2,0.052336103,0.004673263,$rates.ToBulkFromRed2,,,False,False
CF9212rates.ToRed2FromBulk,0.0495171307958871,None,$CF9212rates.ToBulkFromRed2*exp($CF9212rates.gRed2C),,,False,False
CF9212rates.gChlf1C,2.170077221,0.005995457,None,,,False,False
CF9212rates.gChlf2C,2.78008831,0.005240105,None,,,False,False
CF9212rates.ToBulkFromChlf1,0.011310507,0.005548847,$rates.ToBulkFromChlf1,,,False,False
CF9212rates.ToChlf1FromBulk,0.09906828280728558,None,$CF9212rates.ToBulkFromChlf1*exp($CF9212rates.gChlf1C),,,False,False
CF9212rates.ToBulkFromChlf2,0.001641696,0.011342815,$rates.ToBulkFromChlf2,,,False,False
CF9212rates.ToChlf2FromBulk,0.026464869223702003,None,$CF9212rates.ToBulkFromChlf2*exp($CF9212rates.gChlf2C),,,False,False
CF9212rates.gWLRCC,-1.5,0.002374177,$rates.gWLRCC,,,False,False
CF9212rates.ToBulkFromWLRC,0.5447424980498383,None,$rates.ToBulkFromWLRC,,,False,False
CF9212rates.ToWLRCFromBulk,0.12154848082951614,None,$CF9212rates.ToBulkFromWLRC*exp($CF9212rates.gWLRCC),,,False,False
CF9212rates.gFRLRCC,1.75,0.016094391,$rates.gFRLRCC,,,False,False
CF9212rates.ToBulkFromFRLRC,0.02000876,0.022585526,$rates.ToBulkFromFRLRC,,,False,False
CF9212rates.ToFRLRCFromBulk,0.11514246383955642,None,$CF9212rates.ToBulkFromFRLRC*exp($CF9212rates.gFRLRCC),,,False,False
CF9212rates.gWLRP1C_gWLRCC,5.12,None,$rates.gWLRP1C_gWLRCC,,,False,False
CF9212rates.ToWLRCFromWLRP1,0.005378420605505348,None,$rates.ToWLRCFromWLRP1,,,False,False
CF9212rates.ToWLRP1FromWLRC,0.9,None,$rates.ToWLRP1FromWLRC,,,False,False
CF9212rates.gFRLRP1C_gFRLRCC,2.0,None,$rates.gFRLRP1C_gFRLRCC,,,False,False
CF9212rates.ToFRLRCFromFRLRP1,0.04060058497098381,None,$rates.ToFRLRCFromFRLRP1,,,False,False
CF9212rates.ToFRLRP1FromFRLRC,0.3,None,$rates.ToFRLRP1FromFRLRC,,,False,False
CF9212rates.gChlf2C_gFRLRCC,1.03008831,None,$CF9212rates.gChlf2C-$CF9212rates.gFRLRCC,,,False,False
CF9212rates.ToFRLRCFromChlf2,0.008482573519903785,0.00703061,$rates.ToFRLRCFromChlf2,,,False,False
CF9212rates.ToChlf2FromFRLRC,0.023762345236979027,None,$CF9212rates.ToFRLRCFromChlf2*exp($CF9212rates.gChlf2C_gFRLRCC),,,False,False
CF9212rates.gChlf1C_gFRLRCC,0.4200772210000001,None,$CF9212rates.gChlf1C-$CF9212rates.gFRLRCC,,,False,False
CF9212rates.ToFRLRCFromChlf1,0.006469095009092805,0.011439694,$rates.ToFRLRCFromChlf1,,,False,False
CF9212rates.ToChlf1FromFRLRC,0.009846474228713127,None,$CF9212rates.ToFRLRCFromChlf1*exp($CF9212rates.gChlf1C_gFRLRCC),,,False,False
CF9212rates.gChlf2C_gChlf1C,0.6100110889999999,None,$CF9212rates.gChlf2C-$CF9212rates.gChlf1C,,,False,False
CF9212rates.ToChlf1FromChlf2,0.001624365,0.056650453,None,,,False,False
CF9212rates.ToChlf2FromChlf1,0.002989565500189959,None,$CF9212rates.ToChlf1FromChlf2*exp($CF9212rates.gChlf2C_gChlf1C),,,False,False
CF9212scale.FRLtr1,4.317011047489877,0.004897450834648349,None,,,False,True
CF9212scale.FRLtr2,10.976505212610384,0.01095571042333608,None,,,False,True
CF9212scale.FRLtr4,36.34505651321899,0.034293272012936235,None,,,False,True
CF9212scale.WLtr1,7.084585366645698,0.008786864240390196,None,,,False,True
CF9212scale.WLtr2,15.561755207639738,0.017342299303699262,None,,,False,True
CF9212scalem.1,1.0,None,None,,,False,False
CF9212scalem.WLtr1a,0.04565971918365707,0.0018089515612549755,None,,,False,True
CF9212scalem.WLtr2a,0.051,None,None,,,False,False
CF9212scalem.FRLtr1a,0.0752727450319645,0.002543359004230714,None,,,False,True
CF9212scalem.FRLtr1f,6.74e-176,206760.8162,None,,,False,False
CF9212scalem.FRLtr2a,-0.0011190898730627737,0.0009267683878581386,None,,,False,True
CF9212scalem.FRLtr2f,6.04e-57,644240.9889,None,,,False,False
CF9212scalem.FRLtr4a,0.026860466885628986,0.0003969965067957195,None,,,False,True
CF9212scalem.FRLtr4f,0.019706072655017906,0.0001415583653201773,None,,,False,True
CF9212irfWLtr1.center,56.3294601,None,None,,,False,False
CF9212irfWLtr1.width1,2.05953932,None,None,,,False,False
CF9212irfWLtr1.width2,3.81526017,None,None,,,False,False
CF9212irfWLtr1.scale1,1.0,None,None,,,False,False
CF9212irfWLtr1.scale2,0.387194037,None,None,,,False,False
CF9212irfWLtr2.center,56.1699219,None,None,,,False,False
CF9212irfWLtr2.width1,2.68295074,None,None,,,False,False
CF9212irfWLtr2.width2,5.52160358,None,None,,,False,False
CF9212irfWLtr2.scale1,1.0,None,None,,,False,False
CF9212irfWLtr2.scale2,0.252984315,None,None,,,False,False
CF9212irfFRLtr1.center,56.3552208,None,None,,,False,False
CF9212irfFRLtr1.width1,1.87171531,None,None,,,False,False
CF9212irfFRLtr1.width2,4.13698006,None,None,,,False,False
CF9212irfFRLtr1.scale1,1.0,None,None,,,False,False
CF9212irfFRLtr1.scale2,0.353333116,None,None,,,False,False
CF9212irfFRLtr2.center,56.9304581,None,None,,,False,False
CF9212irfFRLtr2.width1,2.71037221,None,None,,,False,False
CF9212irfFRLtr2.width2,4.51974392,None,None,,,False,False
CF9212irfFRLtr2.scale1,1.0,None,None,,,False,False
CF9212irfFRLtr2.scale2,0.47506395,None,None,,,False,False
CF9212irfFRLtr4.center,216.553024,None,None,,,False,False
CF9212irfFRLtr4.width1,7.58270884,None,None,,,False,False
CF9212irfFRLtr4.width2,22.7034378,None,None,,,False,False
CF9212irfFRLtr4.scale1,1.0,None,None,,,False,False
CF9212irfFRLtr4.scale2,0.251508564,None,None,,,False,False
xinput.BulkFRL,70.0,None,None,,,False,False
xinput.Bulkratio,1.1142857142857143,None,$input.Bulk/$xinput.BulkFRL,,,False,False
xrates.gBulkFRL_gBulkWL,0.10821358464023279,None,ln($xinput.Bulkratio),,,False,False
xrates.gRed1C,-0.8196117902475417,0.005117796,$rates.gRed1C-$xrates.gBulkFRL_gBulkWL,,,False,False
xrates.gRed2C,-0.19097200128157804,0.003981164,$rates.gRed2C-$xrates.gBulkFRL_gBulkWL,,,False,False
xrates.ToBulkFromRed1,0.37013097308571424,0.004241734,$rates.ToBulkFromRed1*$xinput.Bulkratio,,,False,False
xrates.ToRed1FromBulk,0.16308069408884387,None,$rates.ToRed1FromBulk,,,False,False
xrates.ToBulkFromRed2,0.058317371914285716,0.007640474,$rates.ToBulkFromRed2*$xinput.Bulkratio,,,False,False
xrates.ToRed2FromBulk,0.048179230331544094,None,$rates.ToRed2FromBulk,,,False,False
xCT7203rates.gRed1C,-0.5109731381824549,0.005117796,$CT7203rates.gRed1C-$xrates.gBulkFRL_gBulkWL,,,False,False
xCT7203rates.gRed2C,-0.4172373553220822,0.003981164,$CT7203rates.gRed2C-$xrates.gBulkFRL_gBulkWL,,,False,False
xCT7203rates.ToBulkFromRed1,0.37013097308571424,0.004241734,$CT7203rates.ToBulkFromRed1*$xinput.Bulkratio,,,False,False
xCT7203rates.ToRed1FromBulk,0.22204582647487459,None,$CT7203rates.ToRed1FromBulk,,,False,False
xCT7203rates.ToBulkFromRed2,0.058317371914285716,0.007640474,$CT7203rates.ToBulkFromRed2*$xinput.Bulkratio,,,False,False
xCT7203rates.ToRed2FromBulk,0.03842324704307723,None,$CT7203rates.ToRed2FromBulk,,,False,False
xCF9212rates.gRed1C,-1.2830483475755996,0.005117796,$CF9212rates.gRed1C-$xrates.gBulkFRL_gBulkWL,,,False,False
xCF9212rates.gRed2C,-0.16358133709839806,0.003981164,$CF9212rates.gRed2C-$xrates.gBulkFRL_gBulkWL,,,False,False
xCF9212rates.ToBulkFromRed1,0.37013097308571424,0.004241734,$CF9212rates.ToBulkFromRed1*$xinput.Bulkratio,,,False,False
xCF9212rates.ToRed1FromBulk,0.10259698811882804,None,$CF9212rates.ToRed1FromBulk,,,False,False
xCF9212rates.ToBulkFromRed2,0.058317371914285716,0.007640474,$CF9212rates.ToBulkFromRed2*$xinput.Bulkratio,,,False,False
xCF9212rates.ToRed2FromBulk,0.0495171307958871,None,$CF9212rates.ToRed2FromBulk,,,False,False
xSyn7335rates.gRed1C,-1.109650360176994,0.005117796,$Syn7335rates.gRed1C-$xrates.gBulkFRL_gBulkWL,,,False,False
xSyn7335rates.gRed2C,-0.6569987016175064,0.003981164,$Syn7335rates.gRed2C-$xrates.gBulkFRL_gBulkWL,,,False,False
xSyn7335rates.ToBulkFromRed1,0.37013097308571424,0.004241734,$Syn7335rates.ToBulkFromRed1*$xinput.Bulkratio,,,False,False
xSyn7335rates.ToRed1FromBulk,0.1220226354669014,None,$Syn7335rates.ToRed1FromBulk,,,False,False
xSyn7335rates.ToBulkFromRed2,0.058317371914285716,0.007640474,$Syn7335rates.ToBulkFromRed2*$xinput.Bulkratio,,,False,False
xSyn7335rates.ToRed2FromBulk,0.030232010757219072,None,$Syn7335rates.ToRed2FromBulk,,,False,False
Syn7335rates.kF,0.000273,None,None,,,False,False
Syn7335rates.kFf,0.0002,None,None,,,False,False
Syn7335rates.WLRP1,0.0585,None,$rates.WLRP1,,,False,False
Syn7335rates.FRLRP1,0.06,0.000982871,$rates.FRLRP1,,,False,False
Syn7335rates.gRed1C,-1.0014367755367612,0.007696895369641082,None,,,False,True
Syn7335rates.gRed2C,-0.5487851169772736,0.005072807370238393,None,,,False,True
Syn7335rates.ToBulkFromRed1,0.332168822,0.004200691,$rates.ToBulkFromRed1,,,False,False
Syn7335rates.ToRed1FromBulk,0.1220226354669014,None,$Syn7335rates.ToBulkFromRed1*exp($Syn7335rates.gRed1C),,,False,False
Syn7335rates.ToBulkFromRed2,0.052336103,0.004673263,$rates.ToBulkFromRed2,,,False,False
Syn7335rates.ToRed2FromBulk,0.030232010757219072,None,$Syn7335rates.ToBulkFromRed2*exp($Syn7335rates.gRed2C),,,False,False
Syn7335rates.gChlf1C,2.727971609,0.004764881,None,,,False,False
Syn7335rates.gChlf2C,1.978217245,0.005464437,None,,,False,False
Syn7335rates.ToBulkFromChlf1,0.011310507,0.005548847,$rates.ToBulkFromChlf1,,,False,False
Syn7335rates.ToChlf1FromBulk,0.17307131339385773,None,$Syn7335rates.ToBulkFromChlf1*exp($Syn7335rates.gChlf1C),,,False,False
Syn7335rates.ToBulkFromChlf2,0.001641696,43.88811268,$rates.ToBulkFromChlf2,,,False,False
Syn7335rates.ToChlf2FromBulk,0.011869203433344131,None,$Syn7335rates.ToBulkFromChlf2*exp($Syn7335rates.gChlf2C),,,False,False
Syn7335rates.gWLRCC,-1.5,0.002374177,$rates.gWLRCC,,,False,False
Syn7335rates.ToBulkFromWLRC,0.5447424980498383,None,$rates.ToBulkFromWLRC,,,False,False
Syn7335rates.ToWLRCFromBulk,0.12154848082951614,None,$Syn7335rates.ToBulkFromWLRC*exp($Syn7335rates.gWLRCC),,,False,False
Syn7335rates.gFRLRCC,1.65,0.016094391,None,,,False,False
Syn7335rates.ToBulkFromFRLRC,0.02000876,0.022585526,$rates.ToBulkFromFRLRC,,,False,False
Syn7335rates.ToFRLRCFromBulk,0.10418520968688307,None,$Syn7335rates.ToBulkFromFRLRC*exp($Syn7335rates.gFRLRCC),,,False,False
Syn7335rates.gWLRP1C_gWLRCC,5.12,None,$rates.gWLRP1C_gWLRCC,,,False,False
Syn7335rates.ToWLRCFromWLRP1,0.005378420605505348,None,$rates.ToWLRCFromWLRP1,,,False,False
Syn7335rates.ToWLRP1FromWLRC,0.9,None,$rates.ToWLRP1FromWLRC,,,False,False
Syn7335rates.gFRLRP1C_gFRLRCC,2.0,None,$rates.gFRLRP1C_gFRLRCC,,,False,False
Syn7335rates.ToFRLRCFromFRLRP1,0.04060058497098381,None,$rates.ToFRLRCFromFRLRP1,,,False,False
Syn7335rates.ToFRLRP1FromFRLRC,0.3,None,$rates.ToFRLRP1FromFRLRC,,,False,False
Syn7335rates.gChlf2C_gFRLRCC,0.32821724500000005,None,$Syn7335rates.gChlf2C-$Syn7335rates.gFRLRCC,,,False,False
Syn7335rates.ToFRLRCFromChlf2,0.008482573519903785,0.00703061,$rates.ToFRLRCFromChlf2,,,False,False
Syn7335rates.ToChlf2FromFRLRC,0.011777973444892755,None,$Syn7335rates.ToFRLRCFromChlf2*exp($Syn7335rates.gChlf2C_gFRLRCC),,,False,False
Syn7335rates.gChlf1C_gFRLRCC,1.077971609,None,$Syn7335rates.gChlf1C-$Syn7335rates.gFRLRCC,,,False,False
Syn7335rates.ToFRLRCFromChlf1,0.006469095009092805,0.011439694,$rates.ToFRLRCFromChlf1,,,False,False
Syn7335rates.ToChlf1FromFRLRC,0.019010811293432996,None,$Syn7335rates.ToFRLRCFromChlf1*exp($Syn7335rates.gChlf1C_gFRLRCC),,,False,False
Syn7335rates.gChlf2C_gChlf1C,-0.749754364,None,$Syn7335rates.gChlf2C-$Syn7335rates.gChlf1C,,,False,False
Syn7335rates.ToChlf1FromChlf2,0.005633359,0.027905827,None,,,False,False
Syn7335rates.ToChlf2FromChlf1,0.00266166409141143,None,$Syn7335rates.ToChlf1FromChlf2*exp($Syn7335rates.gChlf2C_gChlf1C),,,False,False
Syn7335scale.FRLtr1,3.2409282030103252,0.005871266766582052,None,,,False,True
Syn7335scale.FRLtr2,4.3925644566470945,0.007247189631975725,None,,,False,True
Syn7335scale.FRLtr4,36.63247548836361,0.04235924543330374,None,,,False,True
Syn7335scale.WLtr1,3.999520165853081,0.006814676766106947,None,,,False,True
Syn7335scale.WLtr2,9.996993315354269,0.013337576803590503,None,,,False,True
Syn7335scalem.1,1.0,None,None,,,False,False
Syn7335scalem.WLtr1a,0.4238479823462265,0.005890201882621378,None,,,False,True
Syn7335scalem.WLtr2a,0.36280394452252757,0.00448745935508796,None,,,False,True
Syn7335scalem.FRLtr1a,0.25238496010759154,0.00430506807710815,None,,,False,True
Syn7335scalem.FRLtr1f,0.10507901766600014,0.0018495182862921728,None,,,False,True
Syn7335scalem.FRLtr2a,0.22078972805729802,0.0035182772283544675,None,,,False,True
Syn7335scalem.FRLtr2f,0.12492208082789935,0.0012863933328827461,None,,,False,True
Syn7335scalem.FRLtr4a,0.15842007428876198,0.0019274409727142797,None,,,False,True
Syn7335scalem.FRLtr4f,0.1011080383696803,0.0006418134189134432,None,,,False,True
Syn7335irfWLtr1.center,56.7104645,None,None,,,False,False
Syn7335irfWLtr1.width1,1.57317686,None,None,,,False,False
Syn7335irfWLtr1.width2,4.86020994,None,None,,,False,False
Syn7335irfWLtr1.scale1,1.0,None,None,,,False,False
Syn7335irfWLtr1.scale2,0.117787026,None,None,,,False,False
Syn7335irfWLtr2.center,56.6473007,None,None,,,False,False
Syn7335irfWLtr2.width1,2.38488007,None,None,,,False,False
Syn7335irfWLtr2.width2,6.53444386,None,None,,,False,False
Syn7335irfWLtr2.scale1,1.0,None,None,,,False,False
Syn7335irfWLtr2.scale2,0.209530607,None,None,,,False,False
Syn7335irfFRLtr1.center,56.7688293,None,None,,,False,False
Syn7335irfFRLtr1.width1,1.43235886,None,None,,,False,False
Syn7335irfFRLtr1.width2,3.0192275,None,None,,,False,False
Syn7335irfFRLtr1.scale1,1.0,None,None,,,False,False
Syn7335irfFRLtr1.scale2,0.440111578,None,None,,,False,False
Syn7335irfFRLtr2.center,56.5764732,None,None,,,False,False
Syn7335irfFRLtr2.width1,2.24249196,None,None,,,False,False
Syn7335irfFRLtr2.width2,5.06871891,None,None,,,False,False
Syn7335irfFRLtr2.scale1,1.0,None,None,,,False,False
Syn7335irfFRLtr2.scale2,0.274570525,None,None,,,False,False
Syn7335irfFRLtr4.center,196.543945,None,None,,,False,False
Syn7335irfFRLtr4.width1,6.78193378,None,None,,,False,False
Syn7335irfFRLtr4.width2,20.7421665,None,None,,,False,False
Syn7335irfFRLtr4.scale1,1.0,None,None,,,False,False
Syn7335irfFRLtr4.scale2,0.308095604,None,None,,,False,False
xscale.Syn7335FRLRCSAS,5.217786362463292,0.0040811227619778,None,,,False,True
yrates.WLdg2,0.175050727,None,None,,,False,False
yrates.WLdg6,0.122557307,None,None,,,False,False
yrates.FRLdg2,0.169880112,None,None,,,False,False
yrates.FRLdg6,0.117386692,None,None,,,False,False
yrates.dg2_6,0.052493419999999985,None,$yrates.WLdg2-$yrates.WLdg6,,,False,False
yrates.gRed1,-0.5888408986073089,None,$rates.gRed1C+$yrates.WLdg6,,,False,False
yrates.gRed2,0.03979889035865475,None,$rates.gRed2C+$yrates.WLdg6,,,False,False
yrates.ToRed1FromBulk,0.1843437905304697,None,$rates.ToBulkFromRed1*exp($yrates.gRed1),,,False,False
yrates.ToRed2FromBulk,0.05446102614279337,None,$rates.ToBulkFromRed2*exp($yrates.gRed2),,,False,False
yrates.gChlf1,2.168536355068378,None,$rates.gChlf1C+$yrates.FRLdg6,,,False,False
yrates.gChlf2,2.7744156915694753,None,$rates.gChlf2C+$yrates.FRLdg2,,,False,False
yrates.ToBulkFromChlf1,0.010057769543281272,None,$rates.ToChlf1FromBulk*exp(-$yrates.gChlf1),,,False,False
yrates.ToBulkFromChlf2,0.0013852072145150648,None,$rates.ToChlf2FromBulk*exp(-$yrates.gChlf2),,,False,False
yrates.gRed2_gWLRC,5.12,None,$rates.gWLRP1C_gWLRCC,,,False,False
yrates.ToWLRCFromWLRP1,0.005378420605505348,None,$rates.ToWLRCFromWLRP1,,,False,False
yrates.ToWLRP1FromWLRC,0.9,None,$rates.ToWLRP1FromWLRC,,,False,False
yrates.gWLRC,-1.3774426929999999,None,$rates.gWLRCC+$yrates.WLdg6,,,False,False
yrates.ToWLRCFromBulk,0.1373964454500439,None,$rates.ToBulkFromWLRC*exp($yrates.gWLRC),,,False,False
yrates.gFRLRC,1.867386692,None,$rates.gFRLRCC+$yrates.FRLdg6,,,False,False
yrates.ToBulkFromFRLRC,0.017792615037223767,None,$yrates.ToFRLRCFromBulk*exp(-$yrates.gFRLRC),,,False,False
yrates.ToFRLRCFromBulk,0.11514246383955642,None,$rates.ToFRLRCFromBulk,,,False,False
yrates.gRed2_gFRLRC,2.0,None,$rates.gFRLRP1C_gFRLRCC,,,False,False
yrates.ToFRLRCFromFRLRP1,0.04060058497098381,None,$rates.ToFRLRCFromFRLRP1,,,False,False
yrates.ToFRLRP1FromFRLRC,0.3,None,$rates.ToFRLRP1FromFRLRC,,,False,False
yrates.gChlf2_gChlf1,0.6058793365010975,None,$yrates.gChlf2-$yrates.gChlf1,,,False,False
yrates.ToChlf1FromChlf2,0.0041506494600012395,None,$yrates.ToChlf2FromChlf1*exp(-$yrates.gChlf2_gChlf1),,,False,False
yrates.ToChlf2FromChlf1,0.0076075726679194705,None,$rates.ToChlf2FromChlf1,,,False,False
yrates.ToFRLRCFromChlf1,0.006469095009092803,None,$rates.ToChlf1FromFRLRC*exp(-$yrates.gFRLRC_gChlf1),,,False,False
yrates.ToFRLRCFromChlf2,0.008048779498829085,None,$rates.ToChlf2FromFRLRC*exp(-$yrates.gFRLRC_gChlf2),,,False,False
yrates.gFRLRC_gChlf1,0.30114966306837787,None,$yrates.gChlf1-$yrates.gFRLRC,,,False,False
yrates.gFRLRC_gChlf2,0.9070289995694754,None,$yrates.gChlf2-$yrates.gFRLRC,,,False,False
yrates.gWLRP1C,3.62,None,None,,,False,False
yrates.gFRLRP1C,3.75,None,None,,,False,False
xrates.ToBulkFromAnt1,0.7003348599040499,0.004241734,$rates.ToBulkFromAnt1*$xinput.Bulkratio,,,False,False
rates.gAnt1,4.0,None,None,,,False,False
